hipid	genotype_int	genotype_str	TCRBV04-03_oof_freq
HIP13753	0	DD	0.0
HIP13972	0	DD	0.0
HIP10817	0	DD	2.5e-05
HIP13251	0	DD	4.1e-05
HIP01865	0	DD	4.6e-05
HIP14844	0	DD	5.7e-05
HIP14221	0	DD	6.5e-05
HIP05817	0	DD	7.6e-05
HIP13833	0	DD	7.6e-05
HIP13860	0	DD	7.7e-05
HIP17845	0	DD	7.9e-05
HIP01850	0	DD	8.2e-05
HIP03495	0	DD	8.5e-05
HIP01218	0	DD	8.6e-05
HIP01596	0	DD	8.9e-05
HIP11518	0	DD	9.2e-05
HIP11774	0	DD	9.2e-05
HIP10480	0	DD	9.3e-05
HIP19717	0	DD	9.3e-05
HIP10726	0	DD	9.4e-05
HIP13478	0	DD	9.7e-05
HIP10545	0	DD	9.8e-05
HIP01870	0	DD	9.9e-05
HIP14107	0	DD	0.0001
HIP19048	0	DD	0.0001
HIP09122	0	DD	0.000101
HIP08499	0	DD	0.000102
HIP03107	0	DD	0.000104
HIP04532	0	DD	0.000104
HIP00594	0	DD	0.000106
HIP00819	0	DD	0.00011
HIP13227	0	DD	0.00011
HIP13361	0	DD	0.000111
HIP13926	0	DD	0.000111
HIP14181	0	DD	0.000113
HIP11758	0	DD	0.000115
HIP13185	0	DD	0.000116
HIP17793	0	DD	0.000116
HIP13978	0	DD	0.000121
HIP13932	0	DD	0.000122
HIP12533	0	DD	0.000123
HIP13252	0	DD	0.000123
HIP08236	0	DD	0.000125
HIP01219	0	DD	0.000126
HIP05437	0	DD	0.000127
HIP05551	0	DD	0.000128
HIP17737	0	DD	0.000129
HIP05388	0	DD	0.00013
HIP09001	0	DD	0.00013
HIP13823	0	DD	0.00013
HIP00805	0	DD	0.000131
HIP13610	0	DD	0.000133
HIP17760	0	DD	0.000133
HIP17657	0	DD	0.000134
HIP13319	0	DD	0.000135
HIP14187	0	DD	0.000135
HIP03677	0	DD	0.000136
HIP14148	0	DD	0.000138
HIP01359	0	DD	0.000139
HIP13198	0	DD	0.000139
HIP14206	0	DD	0.000139
HIP09051	0	DD	0.00014
HIP14022	0	DD	0.00014
HIP03233	0	DD	0.000142
HIP13987	0	DD	0.000142
HIP08805	0	DD	0.000143
HIP03228	0	DD	0.000144
HIP14192	0	DD	0.000144
HIP01393	0	DD	0.000145
HIP12034	0	DD	0.000145
HIP10408	0	DD	0.000146
HIP05444	0	DD	0.000148
HIP19089	0	DD	0.000148
HIP03378	0	DD	0.000149
HIP13764	0	DD	0.000149
HIP10820	0	DD	0.00015
HIP03004	0	DD	0.000152
HIP13900	0	DD	0.000153
HIP03236	0	DD	0.000155
HIP04597	0	DD	0.000155
HIP12703	0	DD	0.000157
HIP13962	0	DD	0.000158
HIP09624	0	DD	0.000159
HIP12099	0	DD	0.00016
HIP03592	0	DD	0.000164
HIP14036	0	DD	0.000166
HIP02112	0	DD	0.000168
HIP16515	0	DD	0.000168
HIP11649	0	DD	0.000169
HIP03597	0	DD	0.000171
HIP17837	0	DD	0.000172
HIP00851	0	DD	0.000173
HIP13941	0	DD	0.000173
HIP13625	0	DD	0.000175
HIP13852	0	DD	0.000175
HIP02663	0	DD	0.000176
HIP04605	0	DD	0.000176
HIP13951	0	DD	0.000176
HIP00924	0	DD	0.000178
HIP11513	0	DD	0.000178
HIP13274	0	DD	0.000179
HIP17440	0	DD	0.000179
HIP14153	0	DD	0.00018
HIP14000	0	DD	0.000182
HIP02855	0	DD	0.000183
HIP14018	0	DD	0.000183
HIP01004	0	DD	0.000184
HIP02078	0	DD	0.000184
HIP13592	0	DD	0.000186
HIP13949	0	DD	0.000186
HIP14213	0	DD	0.000186
HIP08702	0	DD	0.000188
HIP14015	0	DD	0.000188
HIP13518	0	DD	0.000189
HIP13853	0	DD	0.000189
HIP09026	0	DD	0.00019
HIP12165	0	DD	0.000192
HIP03494	0	DD	0.000195
HIP14092	0	DD	0.000197
HIP12980	0	DD	0.000199
HIP13773	0	DD	0.000199
HIP13814	0	DD	0.000199
HIP09430	0	DD	0.000203
HIP08792	0	DD	0.000206
HIP08339	0	DD	0.000208
HIP14160	0	DD	0.000209
HIP13786	0	DD	0.000211
HIP03591	0	DD	0.000213
HIP02811	0	DD	0.000219
HIP13988	0	DD	0.000221
HIP13142	0	DD	0.000222
HIP13769	0	DD	0.000222
HIP13754	0	DD	0.000223
HIP05533	0	DD	0.000224
HIP14048	0	DD	0.000226
HIP05595	0	DD	0.000227
HIP13869	0	DD	0.000227
HIP13265	0	DD	0.000232
HIP08653	0	DD	0.000235
HIP10730	0	DD	0.000235
HIP14161	0	DD	0.000235
HIP08337	0	DD	0.000236
HIP13822	0	DD	0.000237
HIP09190	0	DD	0.000239
HIP00825	0	DD	0.000241
HIP13463	0	DD	0.000251
HIP14157	0	DD	0.000264
HIP00110	0	DD	0.000269
HIP14136	0	DD	0.000271
HIP00826	0	DD	0.000273
HIP09097	0	DD	0.000273
HIP13515	0	DD	0.000276
HIP02734	0	DD	0.000284
HIP13789	0	DD	0.000299
HIP13992	0	DD	0.000301
HIP03484	0	DD	0.000307
HIP00775	0	DD	0.000312
HIP03695	0	DD	0.000315
HIP09022	0	DD	0.000321
HIP13800	0	DD	0.000326
HIP13847	0	DD	0.00033
HIP13414	0	DD	0.000334
HIP10424	0	DD	0.000347
HIP08816	0	DD	0.000392
HIP09681	0	DD	0.000401
HIP11845	0	DD	0.000418
HIP05467	0	DD	0.000457
HIP03184	0	DD	0.000503
HIP03216	0	DD	0.000514
HIP07754	0	DD	0.000522
HIP11711	0	DD	0.000755
HIP14138	0	DD	0.000908
HIP01206	1	DN	0.009714
HIP11784	1	DN	0.009729
HIP14039	1	DN	0.009803
HIP14090	1	DN	0.010038
HIP13958	1	DN	0.010044
HIP10389	1	DN	0.010091
HIP03630	1	DN	0.010131
HIP05960	1	DN	0.01016
HIP13663	1	DN	0.010205
HIP13751	1	DN	0.010286
HIP13944	1	DN	0.010304
HIP10447	1	DN	0.010314
HIP02997	1	DN	0.010353
HIP14217	1	DN	0.010418
HIP14218	1	DN	0.010461
HIP15685	1	DN	0.010481
HIP13986	1	DN	0.010487
HIP15861	1	DN	0.010611
HIP09559	1	DN	0.010712
HIP13967	1	DN	0.010722
HIP09253	1	DN	0.010765
HIP13376	1	DN	0.010772
HIP09235	1	DN	0.010808
HIP17585	1	DN	0.010827
HIP13263	1	DN	0.010834
HIP14055	1	DN	0.010901
HIP14205	1	DN	0.010995
HIP05841	1	DN	0.010999
HIP08507	1	DN	0.011029
HIP00999	1	DN	0.011058
HIP14037	1	DN	0.011171
HIP12527	1	DN	0.01121
HIP02931	1	DN	0.011229
HIP14028	1	DN	0.011266
HIP13244	1	DN	0.011288
HIP00822	1	DN	0.011301
HIP14064	1	DN	0.011302
HIP09029	1	DN	0.011342
HIP17698	1	DN	0.011346
HIP05409	1	DN	0.011361
HIP13746	1	DN	0.011365
HIP10716	1	DN	0.011367
HIP00869	1	DN	0.011379
HIP05331	1	DN	0.011405
HIP13686	1	DN	0.011407
HIP05390	1	DN	0.011408
HIP01795	1	DN	0.011418
HIP09775	1	DN	0.011432
HIP08223	1	DN	0.01144
HIP02271	1	DN	0.011448
HIP13427	1	DN	0.011454
HIP13976	1	DN	0.011458
HIP04634	1	DN	0.011493
HIP14007	1	DN	0.011503
HIP14114	1	DN	0.011507
HIP13809	1	DN	0.01151
HIP09062	1	DN	0.011517
HIP02024	1	DN	0.011521
HIP14214	1	DN	0.011525
HIP02126	1	DN	0.01155
HIP13736	1	DN	0.01155
HIP08598	1	DN	0.011565
HIP01597	1	DN	0.011579
HIP13325	1	DN	0.011579
HIP00773	1	DN	0.011584
HIP03732	1	DN	0.011606
HIP13771	1	DN	0.011621
HIP13214	1	DN	0.011642
HIP02805	1	DN	0.011656
HIP13157	1	DN	0.011658
HIP13497	1	DN	0.011658
HIP03618	1	DN	0.011688
HIP00640	1	DN	0.011692
HIP03383	1	DN	0.011699
HIP13777	1	DN	0.011699
HIP13935	1	DN	0.0117
HIP14227	1	DN	0.011702
HIP10568	1	DN	0.011773
HIP01160	1	DN	0.011792
HIP10377	1	DN	0.011806
HIP03505	1	DN	0.011819
HIP01162	1	DN	0.011832
HIP08888	1	DN	0.011834
HIP14152	1	DN	0.011837
HIP05434	1	DN	0.011849
HIP12088	1	DN	0.011853
HIP14209	1	DN	0.011865
HIP11058	1	DN	0.011887
HIP09789	1	DN	0.011933
HIP14030	1	DN	0.011933
HIP14127	1	DN	0.011961
HIP14211	1	DN	0.011999
HIP02928	1	DN	0.012006
HIP13893	1	DN	0.012011
HIP13911	1	DN	0.012051
HIP05838	1	DN	0.012057
HIP13709	1	DN	0.012062
HIP11553	1	DN	0.012063
HIP13627	1	DN	0.012073
HIP15854	1	DN	0.012103
HIP00769	1	DN	0.012108
HIP13449	1	DN	0.012133
HIP14072	1	DN	0.012159
HIP13975	1	DN	0.012195
HIP03511	1	DN	0.012199
HIP10787	1	DN	0.012203
HIP00904	1	DN	0.012221
HIP14051	1	DN	0.012223
HIP01223	1	DN	0.012234
HIP01856	1	DN	0.012264
HIP13877	1	DN	0.012288
HIP14175	1	DN	0.012288
HIP13741	1	DN	0.012293
HIP13671	1	DN	0.012309
HIP13654	1	DN	0.01231
HIP13859	1	DN	0.012343
HIP13291	1	DN	0.012348
HIP10846	1	DN	0.012352
HIP14118	1	DN	0.012356
HIP13661	1	DN	0.012386
HIP13796	1	DN	0.012433
HIP08890	1	DN	0.01245
HIP13193	1	DN	0.012472
HIP04527	1	DN	0.012481
HIP09364	1	DN	0.012481
HIP13209	1	DN	0.012492
HIP01820	1	DN	0.012497
HIP08710	1	DN	0.0125
HIP08711	1	DN	0.012561
HIP10358	1	DN	0.012579
HIP05563	1	DN	0.012584
HIP05405	1	DN	0.012592
HIP05311	1	DN	0.012616
HIP04511	1	DN	0.012617
HIP08725	1	DN	0.012639
HIP14121	1	DN	0.012653
HIP05815	1	DN	0.01266
HIP01499	1	DN	0.012676
HIP05377	1	DN	0.012683
HIP13994	1	DN	0.012704
HIP13306	1	DN	0.012722
HIP13933	1	DN	0.012732
HIP13363	1	DN	0.012737
HIP04552	1	DN	0.012746
HIP13505	1	DN	0.01275
HIP13233	1	DN	0.012751
HIP12538	1	DN	0.012754
HIP00761	1	DN	0.01276
HIP13939	1	DN	0.012785
HIP13554	1	DN	0.012803
HIP04611	1	DN	0.012806
HIP10514	1	DN	0.012811
HIP13875	1	DN	0.012817
HIP03275	1	DN	0.012821
HIP13383	1	DN	0.012822
HIP05574	1	DN	0.01284
HIP09284	1	DN	0.012847
HIP13352	1	DN	0.012847
HIP08972	1	DN	0.012869
HIP13920	1	DN	0.012929
HIP13871	1	DN	0.012933
HIP13964	1	DN	0.012941
HIP14176	1	DN	0.012952
HIP13749	1	DN	0.012959
HIP05455	1	DN	0.013004
HIP14172	1	DN	0.013006
HIP01465	1	DN	0.013022
HIP01253	1	DN	0.013048
HIP13793	1	DN	0.013054
HIP03720	1	DN	0.013066
HIP14226	1	DN	0.013068
HIP08346	1	DN	0.013081
HIP14363	1	DN	0.013088
HIP01384	1	DN	0.013091
HIP14020	1	DN	0.0131
HIP14156	1	DN	0.013106
HIP16867	1	DN	0.013114
HIP13720	1	DN	0.013129
HIP00771	1	DN	0.01313
HIP13168	1	DN	0.013133
HIP13831	1	DN	0.013143
HIP14096	1	DN	0.01316
HIP03807	1	DN	0.013172
HIP00614	1	DN	0.013182
HIP00838	1	DN	0.013195
HIP02737	1	DN	0.013206
HIP04471	1	DN	0.013224
HIP14140	1	DN	0.013227
HIP05763	1	DN	0.013228
HIP02103	1	DN	0.013233
HIP13854	1	DN	0.013236
HIP00728	1	DN	0.01324
HIP10597	1	DN	0.013249
HIP14174	1	DN	0.013257
HIP10639	1	DN	0.013268
HIP03812	1	DN	0.013269
HIP01470	1	DN	0.01327
HIP01298	1	DN	0.013281
HIP14238	1	DN	0.013292
HIP01805	1	DN	0.013322
HIP13183	1	DN	0.013325
HIP13996	1	DN	0.013327
HIP03385	1	DN	0.013328
HIP14079	1	DN	0.013351
HIP10821	1	DN	0.013375
HIP13818	1	DN	0.013384
HIP13902	1	DN	0.013399
HIP14223	1	DN	0.013434
HIP13766	1	DN	0.013439
HIP13015	1	DN	0.013502
HIP04545	1	DN	0.013504
HIP02090	1	DN	0.013509
HIP13228	1	DN	0.013522
HIP01197	1	DN	0.013551
HIP13309	1	DN	0.013555
HIP17445	1	DN	0.013573
HIP03125	1	DN	0.013574
HIP13360	1	DN	0.013592
HIP00971	1	DN	0.013612
HIP13903	1	DN	0.013615
HIP17577	1	DN	0.013615
HIP00985	1	DN	0.013619
HIP02780	1	DN	0.013631
HIP03678	1	DN	0.013653
HIP14016	1	DN	0.013655
HIP13294	1	DN	0.013693
HIP14045	1	DN	0.013697
HIP04480	1	DN	0.013736
HIP13929	1	DN	0.013739
HIP08821	1	DN	0.013745
HIP14170	1	DN	0.013745
HIP13947	1	DN	0.013753
HIP08230	1	DN	0.013769
HIP01582	1	DN	0.013808
HIP13350	1	DN	0.013859
HIP05540	1	DN	0.013871
HIP01313	1	DN	0.013934
HIP17887	1	DN	0.013989
HIP13757	1	DN	0.013995
HIP08521	1	DN	0.014016
HIP13284	1	DN	0.014032
HIP12129	1	DN	0.014053
HIP00779	1	DN	0.014071
HIP14236	1	DN	0.014083
HIP10602	1	DN	0.014095
HIP00898	1	DN	0.014099
HIP10823	1	DN	0.014119
HIP08827	1	DN	0.014146
HIP13760	1	DN	0.014151
HIP14134	1	DN	0.01418
HIP13774	1	DN	0.014204
HIP14244	1	DN	0.01422
HIP10443	1	DN	0.014223
HIP01180	1	DN	0.014243
HIP10669	1	DN	0.014248
HIP02873	1	DN	0.014252
HIP13396	1	DN	0.014258
HIP13966	1	DN	0.01432
HIP14184	1	DN	0.014362
HIP13402	1	DN	0.014405
HIP03651	1	DN	0.014407
HIP14024	1	DN	0.014449
HIP05552	1	DN	0.014507
HIP14034	1	DN	0.014622
HIP14231	1	DN	0.014694
HIP17462	1	DN	0.014728
HIP00734	1	DN	0.014745
HIP13217	1	DN	0.014771
HIP14196	1	DN	0.014772
HIP10564	1	DN	0.014781
HIP14089	1	DN	0.014938
HIP03628	1	DN	0.014946
HIP05535	1	DN	0.014975
HIP13856	1	DN	0.015008
HIP01765	1	DN	0.015037
HIP09020	1	DN	0.015091
HIP04958	1	DN	0.015186
HIP13894	1	DN	0.015215
HIP08399	1	DN	0.015239
HIP13865	1	DN	0.015498
HIP10376	1	DN	0.015589
HIP14241	1	DN	0.015681
HIP03746	1	DN	0.015725
HIP17370	1	DN	0.015853
HIP14129	1	DN	0.015893
HIP08596	1	DN	0.016004
HIP05757	1	DN	0.016113
HIP13812	1	DN	0.016274
HIP02877	1	DN	0.016424
HIP13703	1	DN	0.016582
HIP01867	1	DN	0.016799
HIP13961	1	DN	0.01684
HIP10815	1	DN	0.016903
HIP13938	1	DN	0.016976
HIP13695	1	DN	0.017485
HIP11717	1	DN	0.017495
HIP01501	1	DN	0.017566
HIP13296	1	DN	0.01768
HIP00710	2	NN	0.018027
HIP13230	2	NN	0.01817
HIP14110	2	NN	0.018219
HIP14361	2	NN	0.018709
HIP13857	2	NN	0.019032
HIP14143	2	NN	0.019052
HIP05948	2	NN	0.019452
HIP14202	2	NN	0.01985
HIP02790	2	NN	0.019858
HIP01140	2	NN	0.019996
HIP08200	2	NN	0.020057
HIP11937	2	NN	0.020198
HIP04475	2	NN	0.02035
HIP13206	2	NN	0.020382
HIP01797	2	NN	0.020735
HIP14009	2	NN	0.020737
HIP05524	2	NN	0.020742
HIP16738	2	NN	0.02087
HIP04498	2	NN	0.021004
HIP02848	2	NN	0.021083
HIP12097	2	NN	0.021098
HIP12091	2	NN	0.021156
HIP00715	2	NN	0.021212
HIP05942	2	NN	0.021461
HIP13945	2	NN	0.021615
HIP13780	2	NN	0.021683
HIP11613	2	NN	0.021811
HIP08986	2	NN	0.021837
HIP11989	2	NN	0.021842
HIP09046	2	NN	0.021848
HIP14194	2	NN	0.021858
HIP01220	2	NN	0.021877
HIP13245	2	NN	0.021954
HIP13928	2	NN	0.022036
HIP13954	2	NN	0.02208
HIP17454	2	NN	0.022108
HIP13324	2	NN	0.022161
HIP02742	2	NN	0.022177
HIP13567	2	NN	0.022184
HIP04510	2	NN	0.022218
HIP01392	2	NN	0.022457
HIP09159	2	NN	0.022563
HIP01181	2	NN	0.022698
HIP13220	2	NN	0.022713
HIP15855	2	NN	0.022719
HIP05460	2	NN	0.022754
HIP13370	2	NN	0.022757
HIP13658	2	NN	0.022772
HIP13810	2	NN	0.022779
HIP00169	2	NN	0.022798
HIP14142	2	NN	0.022813
HIP10507	2	NN	0.022852
HIP03194	2	NN	0.022875
HIP19716	2	NN	0.022896
HIP11857	2	NN	0.022917
HIP05665	2	NN	0.022938
HIP03814	2	NN	0.022943
HIP13636	2	NN	0.022949
HIP14109	2	NN	0.02295
HIP12143	2	NN	0.022984
HIP14130	2	NN	0.023
HIP08389	2	NN	0.023019
HIP14240	2	NN	0.023029
HIP17457	2	NN	0.02303
HIP17723	2	NN	0.023043
HIP01091	2	NN	0.023044
HIP02962	2	NN	0.023045
HIP03693	2	NN	0.023129
HIP09344	2	NN	0.023181
HIP08305	2	NN	0.02326
HIP14095	2	NN	0.02335
HIP13782	2	NN	0.023403
HIP14077	2	NN	0.023404
HIP03111	2	NN	0.023424
HIP08076	2	NN	0.02344
HIP08439	2	NN	0.023464
HIP10445	2	NN	0.023492
HIP13473	2	NN	0.023496
HIP14234	2	NN	0.023499
HIP13489	2	NN	0.023512
HIP00832	2	NN	0.023517
HIP03381	2	NN	0.023562
HIP01391	2	NN	0.023576
HIP09118	2	NN	0.023592
HIP10694	2	NN	0.023604
HIP01264	2	NN	0.023642
HIP06191	2	NN	0.02368
HIP14074	2	NN	0.023699
HIP08977	2	NN	0.023727
HIP05559	2	NN	0.023748
HIP13511	2	NN	0.02376
HIP12123	2	NN	0.023818
HIP14237	2	NN	0.023834
HIP01255	2	NN	0.023871
HIP10759	2	NN	0.023934
HIP13303	2	NN	0.023973
HIP01798	2	NN	0.024013
HIP13355	2	NN	0.024042
HIP13256	2	NN	0.024065
HIP14494	2	NN	0.024123
HIP04576	2	NN	0.024255
HIP08989	2	NN	0.024299
HIP05578	2	NN	0.024381
HIP00777	2	NN	0.024387
HIP13178	2	NN	0.024392
HIP00813	2	NN	0.02441
HIP17449	2	NN	0.024436
HIP08400	2	NN	0.024442
HIP09366	2	NN	0.024445
HIP02820	2	NN	0.024481
HIP14071	2	NN	0.024504
HIP13919	2	NN	0.024539
HIP13848	2	NN	0.024588
HIP13722	2	NN	0.024602
HIP01947	2	NN	0.024792
HIP01022	2	NN	0.024818
HIP02947	2	NN	0.024848
HIP04578	2	NN	0.024867
HIP17534	2	NN	0.024882
HIP05398	2	NN	0.024927
HIP13989	2	NN	0.024928
HIP13956	2	NN	0.02493
HIP00602	2	NN	0.024961
HIP09365	2	NN	0.024995
HIP00926	2	NN	0.025022
HIP13887	2	NN	0.025062
HIP00997	2	NN	0.025088
HIP03370	2	NN	0.025096
HIP01266	2	NN	0.025153
HIP14053	2	NN	0.025178
HIP13122	2	NN	0.02523
HIP14043	2	NN	0.02529
HIP01161	2	NN	0.025412
HIP13981	2	NN	0.025416
HIP05941	2	NN	0.025421
HIP13311	2	NN	0.025455
HIP01055	2	NN	0.02548
HIP13983	2	NN	0.025484
HIP03099	2	NN	0.025502
HIP08345	2	NN	0.025543
HIP10814	2	NN	0.025597
HIP13710	2	NN	0.0256
HIP14178	2	NN	0.025654
HIP04509	2	NN	0.025679
HIP14911	2	NN	0.025798
HIP12534	2	NN	0.025916
HIP00934	2	NN	0.025918
HIP12743	2	NN	0.025918
HIP01232	2	NN	0.025989
HIP13916	2	NN	0.026141
HIP02875	2	NN	0.026235
HIP14014	2	NN	0.026242
HIP03197	2	NN	0.026255
HIP13176	2	NN	0.026322
HIP05561	2	NN	0.026331
HIP14041	2	NN	0.026423
HIP14103	2	NN	0.026628
HIP15860	2	NN	0.026774
HIP01129	2	NN	0.026782
HIP13513	2	NN	0.02683
HIP09041	2	NN	0.026851
HIP13806	2	NN	0.026899
HIP01571	2	NN	0.026935
HIP14124	2	NN	0.027407
HIP13803	2	NN	0.027413
HIP14004	2	NN	0.027416
HIP00707	2	NN	0.027488
HIP09150	2	NN	0.027513
HIP14060	2	NN	0.027582
HIP05590	2	NN	0.027621
HIP13699	2	NN	0.02784
HIP03502	2	NN	0.028167
HIP13318	2	NN	0.028215
HIP04555	2	NN	0.028695
HIP13667	2	NN	0.028742
HIP12900	2	NN	0.02879
HIP13276	2	NN	0.028982
HIP14243	2	NN	0.029659
HIP14230	2	NN	0.030064
HIP13465	2	NN	0.030067
HIP14066	2	NN	0.030081
HIP14059	2	NN	0.030384
HIP14183	2	NN	0.030467
HIP05832	2	NN	0.032156
HIP04455	2	NN	0.032277
HIP04464	2	NN	0.032428
HIP13794	2	NN	0.033138
HIP00951	2	NN	0.033259
HIP09119	2	NN	0.033723
HIP03685	2	NN	0.035065
HIP13880	2	NN	0.035432
HIP10746	2	NN	0.037896
HIP14080	2	NN	0.039395
HIP05934	2	NN	0.03969
HIP13923	2	NN	0.041888
HIP14106	2	NN	0.048486
