	snp	intercept	slope	standard_error	pvalue
1	snp16814629	0.597780332087552	-0.000938849413607395	0.00385898388330381	0.807781307655364
2	snp16814596	0.59712462844047	-0.000946640056978694	0.00385571249469687	0.806056730637235
3	snp16814571	0.597305506535601	-0.000506273415723643	0.00389548995996084	0.896594917322809
4	snp16814611	0.59685720005965	-0.000635615685774334	0.00382309528531315	0.867954841357119
5	snp16814606	0.598953561565943	-0.00121682365187829	0.00396852961129686	0.759133951772459
6	snp16814662	0.597995401659723	-0.000384049439985772	0.00379567722677256	0.919406983539114
7	snp16814569	0.597041326092524	-0.000199964759778927	0.00386123127553088	0.958697758799448
8	snp16814536	0.596109095972777	-2.80994791028494e-05	0.00391351694733015	0.994271150935389
9	snp16814547	0.595490730952346	0.000327053654085925	0.00388572502017031	0.93292287029307
10	snp16814552	0.596516880239388	-0.000252119353356302	0.00385563353771759	0.947863594022339
11	snp20717772	0.62831836599223	-0.0212891177383245	0.00246337815962221	5.51190440722102e-18
12	snp20717781	0.628176218268929	-0.0212343626078601	0.00226473371854659	6.8460226072789e-21
13	snp16814608	0.598726722246951	-0.00117886414741625	0.00395744628190763	0.765790886317549
14	snp16814559	0.596960081324747	-0.000108027044174393	0.00384151381429805	0.977565679540221
15	snp16814539	0.595997940578205	0.00034600379425354	0.00386965400881385	0.928752373812576
16	snp16814542	0.595997940578205	0.00034600379425354	0.00386965400881385	0.928752373812576
17	snp16814648	0.596603491008649	-0.000549905136631887	0.00379367829344188	0.884747962232268
18	snp16814647	0.596603491008649	-0.000549905136631887	0.00379367829344188	0.884747962232268
19	snp16814649	0.596603491008649	-0.000549905136631887	0.00379367829344188	0.884747962232268
20	snp16813637	0.593698433182139	0.00238966717521682	0.0027620391321826	0.386938777211255
21	snp16814335	0.598624932706237	-0.0018868983634414	0.00409525869630608	0.644976590453815
22	snp16813389	0.592771014122597	0.00275928020547567	0.00273601951505296	0.313213694231679
23	snp16813416	0.593138895205585	0.00236223672118497	0.0027302415496821	0.386922647326875
24	snp16813421	0.594274376311541	0.00230273355362393	0.00275340953821912	0.402974478045158
25	snp16813420	0.594274376311541	0.00230273355362393	0.00275340953821912	0.402974478045158
26	snp16813444	0.598138388888794	-0.00213642191693298	0.00273818836690099	0.435254387797971
27	snp16813556	0.593865545249957	0.0021364219372618	0.00273818893762	0.435254479133179
28	snp16813511	0.593865545249957	0.0021364219372618	0.00273818893762	0.435254479133179
29	snp16813508	0.593865545249957	0.0021364219372618	0.00273818893762	0.435254479133179
30	snp16813505	0.593865545249957	0.0021364219372618	0.00273818893762	0.435254479133179
31	snp16813499	0.593865545249957	0.0021364219372618	0.00273818893762	0.435254479133179
32	snp16813493	0.593865545249957	0.0021364219372618	0.00273818893762	0.435254479133179
33	snp16813485	0.598138388888794	-0.00213642191693298	0.00273818836690099	0.435254387797971
34	snp16813479	0.593865545249957	0.0021364219372618	0.00273818893762	0.435254479133179
35	snp16813474	0.593865545249957	0.0021364219372618	0.00273818893762	0.435254479133179
36	snp16813464	0.593865545249957	0.0021364219372618	0.00273818893762	0.435254479133179
37	snp16813435	0.593865545249957	0.0021364219372618	0.00273818893762	0.435254479133179
38	snp16813460	0.593865545249957	0.0021364219372618	0.00273818893762	0.435254479133179
39	snp16813459	0.593865545249957	0.0021364219372618	0.00273818893762	0.435254479133179
40	snp16813458	0.593865545249957	0.0021364219372618	0.00273818893762	0.435254479133179
41	snp16813437	0.598138388888794	-0.00213642191693298	0.00273818836690099	0.435254387797971
42	snp16813462	0.598138388888794	-0.00213642191693298	0.00273818836690099	0.435254387797971
43	snp16813489	0.593865545249957	0.0021364219372618	0.00273818893762	0.435254479133179
44	snp16813395	0.598037591543249	-0.00247719404491651	0.00274268429816439	0.366419450876645
45	snp16813617	0.59827075320269	-0.00213760871418295	0.00274183980397515	0.43561123744971
46	snp16813626	0.59827075320269	-0.00213760871418295	0.00274183980397515	0.43561123744971
47	snp16813397	0.593182182164081	0.00239102730304593	0.00274885687483931	0.384395476003335
48	snp16813425	0.594126240293267	0.00213448649722774	0.00274440536321668	0.436710989655752
49	snp16813517	0.594200969681732	0.00202252263437972	0.00274669795777963	0.461519587059572
50	snp16813516	0.594200969681732	0.00202252263437972	0.00274669795777963	0.461519587059572
51	snp16813514	0.594200969681732	0.00202252263437972	0.00274669795777963	0.461519587059572
52	snp16813502	0.593805647352221	0.00211337017674232	0.00274766162416462	0.44180292104093
53	snp16814670	0.595443797437347	0.00089463292276495	0.00374661991585234	0.811273070765539
54	snp16814251	0.598203628662498	-0.00169394921794791	0.00413794598365091	0.682268458758506
55	snp16814189	0.598203628662498	-0.00169394921794791	0.00413794598365091	0.682268458758506
56	snp16814326	0.598469891646229	-0.00178214522412622	0.00400522354311365	0.656352097282139
57	snp16814311	0.594905604470558	0.00178214786573655	0.00400524351244261	0.656353223887022
58	snp16814259	0.594905604470558	0.00178214786573655	0.00400524351244261	0.656353223887022
59	snp16814252	0.594905604470558	0.00178214786573655	0.00400524351244261	0.656353223887022
60	snp16814286	0.598469891646229	-0.00178214522412622	0.00400522354311365	0.656352097282139
61	snp16814310	0.594905604470558	0.00178214786573655	0.00400524351244261	0.656353223887022
62	snp16814287	0.598469891646229	-0.00178214522412622	0.00400522354311365	0.656352097282139
63	snp16814291	0.594905604470558	0.00178214786573655	0.00400524351244261	0.656353223887022
64	snp16814292	0.594905604470558	0.00178214786573655	0.00400524351244261	0.656353223887022
65	snp16814294	0.594905604470558	0.00178214786573655	0.00400524351244261	0.656353223887022
66	snp16814301	0.598469891646229	-0.00178214522412622	0.00400522354311365	0.656352097282139
67	snp16814269	0.594905604470558	0.00178214786573655	0.00400524351244261	0.656353223887022
68	snp16814238	0.594905604470558	0.00178214786573655	0.00400524351244261	0.656353223887022
69	snp16814303	0.598469891646229	-0.00178214522412622	0.00400522354311365	0.656352097282139
70	snp16814165	0.594905604470558	0.00178214786573655	0.00400524351244261	0.656353223887022
71	snp16814170	0.594905604470558	0.00178214786573655	0.00400524351244261	0.656353223887022
72	snp16814184	0.594905604470558	0.00178214786573655	0.00400524351244261	0.656353223887022
73	snp16814302	0.594905604470558	0.00178214786573655	0.00400524351244261	0.656353223887022
74	snp16814187	0.594905604470558	0.00178214786573655	0.00400524351244261	0.656353223887022
75	snp16814204	0.598469891646229	-0.00178214522412622	0.00400522354311365	0.656352097282139
76	snp16814215	0.598469891646229	-0.00178214522412622	0.00400522354311365	0.656352097282139
77	snp16814175	0.594905604470558	0.00178214786573655	0.00400524351244261	0.656353223887022
78	snp16814244	0.594905604470558	0.00178214786573655	0.00400524351244261	0.656353223887022
79	snp16814235	0.594905604470558	0.00178214786573655	0.00400524351244261	0.656353223887022
80	snp16814234	0.594905604470558	0.00178214786573655	0.00400524351244261	0.656353223887022
81	snp16814223	0.594905604470558	0.00178214786573655	0.00400524351244261	0.656353223887022
82	snp16814246	0.594905604470558	0.00178214786573655	0.00400524351244261	0.656353223887022
83	snp16814117	0.594862849811611	0.00213022743665582	0.00402674848218302	0.596792100538126
84	snp16814272	0.59465598718632	0.00162810129144462	0.00406511835816806	0.688784408883326
85	snp16814271	0.59465598718632	0.00162810129144462	0.00406511835816806	0.688784408883326
86	snp16813963	0.594931259043834	0.00170128490561762	0.00405810553457955	0.6750470907031
87	snp16814029	0.594931259043834	0.00170128490561762	0.00405810553457955	0.6750470907031
88	snp16813984	0.594931259043834	0.00170128490561762	0.00405810553457955	0.6750470907031
89	snp16813982	0.594931259043834	0.00170128490561762	0.00405810553457955	0.6750470907031
90	snp16814059	0.595243382186384	0.00161674482183781	0.00406357613587832	0.690731496223865
91	snp16814066	0.595243382186384	0.00161674482183781	0.00406357613587832	0.690731496223865
92	snp16814102	0.595243382186384	0.00161674482183781	0.00406357613587832	0.690731496223865
93	snp16814047	0.595243382186384	0.00161674482183781	0.00406357613587832	0.690731496223865
94	snp16814111	0.595518005462042	0.00128600659888023	0.00404594771685666	0.750598324415988
