	index	snp	intercept	slope	standard_error	p	chr	start	group_p_val
1	3	snp20717772	0.415900636736152	-0.0176428218607294	0.00294796088148819	2.16716616379449e-09	10	14970715	3.13977658239183e-10
2	3	snp20717781	0.415571683630021	-0.0174737565680658	0.00277696915975716	3.12626750116167e-10	10	14971128	3.13977658239183e-10
3	37	snp16813963	0.407283290765632	-0.0281962420389293	0.00249770752140235	1.48975402122705e-29	7	142455953	0
4	37	snp16813982	0.407283290765632	-0.0281962420389293	0.00367284440994031	1.62921279310059e-14	7	142456928	0
5	37	snp16813984	0.407283290765632	-0.0281962420389293	0.0026398357744691	1.24839122911709e-26	7	142457132	0
6	40	snp16814029	0.407283290765632	-0.0281962420389293	0.00260726264880753	2.93890710492122e-27	7	142459290	2.93890710492122e-27
7	41	snp16814047	0.406994551361117	-0.0283683828288706	0.00357736383908479	2.19201345243006e-15	7	142460313	0
8	41	snp16814059	0.406994551361117	-0.0283683828288706	0.0029656679694345	1.11556414888351e-21	7	142460865	0
9	41	snp16814066	0.406994551361117	-0.0283683828288706	0.00265213644135315	1.05779137732401e-26	7	142461278	0
10	44	snp16814102	0.406994551361117	-0.0283683828288706	0.00252216645600001	2.3791174405742e-29	7	142462673	0
11	44	snp16814111	0.407004456067409	-0.0286447804850857	0.00273399571479982	1.09882627556407e-25	7	142463307	0
12	44	snp16814117	0.406810518217964	-0.0286619611235102	0.00277826039351121	5.93388420530269e-25	7	142463921	0
13	47	snp16814165	0.407300906394091	-0.0290104606550501	0.00219143986362672	5.28821033317731e-40	7	142466342	0
14	47	snp16814170	0.407300906394091	-0.0290104606550501	0.00348379548448395	8.27369372131734e-17	7	142466454	0
15	47	snp16814175	0.407300906394091	-0.0290104606550501	0.00338065868144043	9.38034226157923e-18	7	142466771	0
16	47	snp16814184	0.407300906394091	-0.0290104606550501	0.00335312078616199	5.07026730824677e-18	7	142467216	0
17	47	snp16814187	0.407300906394091	-0.0290104606550501	0.00266162565442226	1.15858002092906e-27	7	142467264	0
18	47	snp16814189	0.346717070231395	0.0301336448519617	0.00319217806717217	3.73355037636722e-21	7	142467341	0
19	47	snp16814204	0.34927998504896	0.0290104606400893	0.00273271506066028	2.51133040966436e-26	7	142468189	0
20	54	snp16814215	0.34927998504896	0.0290104606400893	0.00149184536694218	3.14924939279087e-84	7	142469191	0
21	54	snp16814223	0.407300906394091	-0.0290104606550501	0.00191310782817283	6.11787034133437e-52	7	142469343	0
22	54	snp16814234	0.407300906394091	-0.0290104606550501	0.00376849075162906	1.3803490764341e-14	7	142469937	0
23	54	snp16814235	0.407300906394091	-0.0290104606550501	0.00261082821513678	1.1017619744423e-28	7	142469942	0
24	54	snp16814238	0.407300906394091	-0.0290104606550501	0.00272563069917269	1.86816495104189e-26	7	142470066	0
25	54	snp16814244	0.407300906394091	-0.0290104606550501	0.00306059581938677	2.57477796498852e-21	7	142470290	0
26	54	snp16814246	0.407300906394091	-0.0290104606550501	0.00240436655413289	1.60216572539443e-33	7	142470364	0
27	54	snp16814251	0.346717070231395	0.0301336448519617	0.00340832318104203	9.4701458985121e-19	7	142470574	0
28	54	snp16814252	0.407300906394091	-0.0290104606550501	0.00191905195276969	1.24963324022293e-51	7	142470691	0
29	54	snp16814259	0.407300906394091	-0.0290104606550501	0.0029067589202185	1.85817102639813e-23	7	142471344	0
30	64	snp16814269	0.407300906394091	-0.0290104606550501	0.00232644642419071	1.09017738151452e-35	7	142472439	0
31	64	snp16814271	0.407346027405092	-0.0291222740557277	0.0025099546990393	3.99236771108085e-31	7	142472600	0
32	64	snp16814272	0.407346027405092	-0.0291222740557277	0.00318341575541067	5.79321290243579e-20	7	142472604	0
33	64	snp16814286	0.34927998504896	0.0290104606400893	0.0032868971954829	1.08395809930035e-18	7	142473038	0
34	64	snp16814287	0.34927998504896	0.0290104606400893	0.00310984462988896	1.0729021416459e-20	7	142473040	0
35	64	snp16814291	0.407300906394091	-0.0290104606550501	0.00380821790848869	2.57921168009704e-14	7	142473096	0
36	64	snp16814292	0.407300906394091	-0.0290104606550501	0.00166216911212452	3.24481403598888e-68	7	142473119	0
37	64	snp16814294	0.407300906394091	-0.0290104606550501	0.00276522724368817	9.48496173353411e-26	7	142473188	0
38	64	snp16814301	0.34927998504896	0.0290104606400893	0.00233541350902015	1.98584206963383e-35	7	142473437	0
39	64	snp16814302	0.407300906394091	-0.0290104606550501	0.00388681695722998	8.40562158147032e-14	7	142473464	0
40	64	snp16814303	0.34927998504896	0.0290104606400893	0.00394740505851019	1.99324339991175e-13	7	142473466	0
41	64	snp16814310	0.407300906394091	-0.0290104606550501	0.00249996632463932	3.91695368476844e-31	7	142473952	0
42	64	snp16814311	0.407300906394091	-0.0290104606550501	0.00340995609245127	1.77607295629486e-17	7	142473983	0
43	64	snp16814326	0.34927998504896	0.0290104606400893	0.00382512362661386	3.34573084371246e-14	7	142474939	0
44	64	snp16814335	0.347313909220481	0.0302612063893331	0.00301970882431716	1.22959004938574e-23	7	142475484	0
45	79	snp16814536	0.411644056479181	-0.0320037760661	0.00168732964753832	3.18934734192376e-80	7	142487346	0
46	79	snp16814539	0.411193396230568	-0.0308637128552656	0.0033766452220761	6.22516048110203e-20	7	142487745	0
47	79	snp16814542	0.411193396230568	-0.0308637128552656	0.00225525595281968	1.24400387894285e-42	7	142487836	0
48	79	snp16814547	0.412163916185869	-0.0310389291946018	0.00243209381724119	2.66478186315147e-37	7	142488146	0
49	79	snp16814552	0.412496527592721	-0.0318455346046305	0.00226375629102617	6.01050443338746e-45	7	142488688	0
50	79	snp16814559	0.412249813707718	-0.0314229079486873	0.00277755554858294	1.12957420026865e-29	7	142489405	0
51	79	snp16814569	0.41277621019214	-0.0317629879882579	0.00205293913377486	5.36500919292065e-54	7	142489869	0
52	79	snp16814571	0.413449441495025	-0.0328120491838762	0.00328793875809987	1.87371803790829e-23	7	142489873	0
53	87	snp16814596	0.413545154004483	-0.0330510318779392	0.00378365334076414	2.43189450066541e-18	7	142492130	0
54	87	snp16814606	0.414258138252967	-0.0335845837205231	0.00205492996402047	4.84568601058331e-60	7	142492887	0
55	87	snp16814608	0.413478302004789	-0.0333074044252398	0.00322652621086408	5.54671832964114e-25	7	142492930	0
56	87	snp16814611	0.412877552608031	-0.0320179678962593	0.00257193020089965	1.41602193846172e-35	7	142493129	0
57	91	snp16814629	0.413704550560086	-0.0329994484728289	0.0022542977045289	1.59641530588962e-48	7	142494606	1.59641530588962e-48
58	92	snp16814647	0.413268708948786	-0.0307427981278114	0.00223920199452598	6.77342216164269e-43	7	142496164	0
59	92	snp16814648	0.413268708948786	-0.0307427981278114	0.00310826272374012	4.56963277389919e-23	7	142496230	0
60	92	snp16814649	0.413268708948786	-0.0307427981278114	0.00329235934332172	9.85244650711305e-21	7	142496293	0
61	92	snp16814662	0.410086337935534	-0.0295923005072765	0.00277777854853202	1.68426524353082e-26	7	142497082	0
